priorite;score;nom;ville;code_postal;adresse;telephone;type_tel;email;site_web;siret;siren;note_ciblage;statut;prochaine_action;notes_appel;source
"Haute";"10";"SARL Rousseau Jérôme";"Nantes";"";"12 Allée de l'Île Gloriette";"06 30 35 94 51";"mobile";"contact@rousseaujeromedepannage.fr";"https://www.rousseaujeromedepannage.fr";"92132408300010";"";"mobile direct, SIREN/SIRET vérifiable, nom d'entreprise propre, site web, email, adresse (boutique/atelier)";"À appeler";"";"";"openstreetmap"
"Haute";"9";"Adam'Serrurerie";"Paris";"75012";"13 Avenue du Bel Air, 75012, Paris";"06 95 40 37 65";"mobile";"";"https://laserrureparisienne.com/";"84829509300027";"";"mobile direct, SIREN/SIRET vérifiable, nom d'entreprise propre, site web, adresse (boutique/atelier)";"À appeler";"";"";"openstreetmap"
"Haute";"9";"Serrurerie Tan";"Paris";"75010";"213 Rue du Faubourg Saint-Martin, 75010, Paris";"06 18 63 33 61";"mobile";"";"https://www.serrurerie-tan.fr/";"37979417500032";"";"mobile direct, SIREN/SIRET vérifiable, nom d'entreprise propre, site web, adresse (boutique/atelier)";"À appeler";"";"";"openstreetmap"
"Haute";"9";"Le Serrurier de la Gare";"Paris";"";"";"06 22 12 31 41";"mobile";"serrurierdelagare@gmail.com";"https://leserrurierdelagare.fr/";"40482303100012";"";"mobile direct, SIREN/SIRET vérifiable, nom d'entreprise propre, site web, email";"À appeler";"";"";"openstreetmap"
"Haute";"9";"JRM Serrurier";"Ivry-sur-Seine";"94200";"46 Avenue Jean Jaurès, 94200, Ivry-sur-Seine";"06 38 02 00 89";"mobile";"";"https://jrmserrurier.fr/";"79099215000058";"";"mobile direct, SIREN/SIRET vérifiable, nom d'entreprise propre, site web, adresse (boutique/atelier)";"À appeler";"";"";"openstreetmap"
"Haute";"9";"Serrurerie Napoleon Nice";"Nice";"06000";"Les Petunias, 108 Avenue Sainte-Marguerite, 06000, Nice";"06 58 51 22 30";"mobile";"";"https://www.serrurerie-napoleon.com/";"38890141500058";"";"mobile direct, SIREN/SIRET vérifiable, nom d'entreprise propre, site web, adresse (boutique/atelier)";"À appeler";"";"";"openstreetmap"
"Haute";"9";"La Clef D'or";"Dijon";"21000";"1 Av. De Dallas, 21000, Dijon";"06 36 73 75 12";"mobile";"";"https://serrurerie-laclefdor.fr/";"75399612300042";"";"mobile direct, SIREN/SIRET vérifiable, nom d'entreprise propre, site web, adresse (boutique/atelier)";"À appeler";"";"";"openstreetmap"
"Haute";"9";"Quick 06";"Antibes";"";"25 Boulevard Président Wilson";"06 11 51 80 66";"mobile";"";"http://www.quick06-fermetures.com";"34747705100051";"";"mobile direct, SIREN/SIRET vérifiable, nom d'entreprise propre, site web, adresse (boutique/atelier)";"À appeler";"";"";"openstreetmap"
"Haute";"8";"A.S.G.";"Paris";"75017";"107 Rue des Dames, 75017, Paris";"06 75 99 78 95";"mobile";"";"";"49030004300018";"";"mobile direct, SIREN/SIRET vérifiable, nom d'entreprise propre, adresse (boutique/atelier)";"À appeler";"";"";"openstreetmap"
"Haute";"8";"La Clef de la Bastille";"Paris";"75012";"86 Avenue Ledru-Rollin, 75012, Paris";"06 37 38 50 68";"mobile";"";"";"84435330000016";"";"mobile direct, SIREN/SIRET vérifiable, nom d'entreprise propre, adresse (boutique/atelier)";"À appeler";"";"";"openstreetmap"
"Haute";"8";"France clef";"Nice";"";"15 Avenue Notre-Dame";"04 93 85 20 00";"fixe";"franceclef@wanadoo.fr";"https://www.franceclef.com/";"42032557300012";"";"tél fixe, SIREN/SIRET vérifiable, nom d'entreprise propre, site web, email, adresse (boutique/atelier)";"À appeler";"";"";"openstreetmap"
"Haute";"8";"Serrurerie Bacci";"Bordeaux";"33100";"11 Rue Galin, 33100, Bordeaux";"06 52 21 87 37";"mobile";"contact@serrurerie-bacci.com";"https://www.serrurerie-bacci.com";"";"";"mobile direct, nom d'entreprise propre, site web, email, adresse (boutique/atelier)";"À appeler";"";"";"openstreetmap"
"Haute";"8";"Coup de Clé";"Bordeaux";"";"14 Rue du Tondu";"05 56 46 25 04";"fixe";"contact@coupdecle.com";"https://www.coupdecle.fr/";"10183957900014";"";"tél fixe, SIREN/SIRET vérifiable, nom d'entreprise propre, site web, email, adresse (boutique/atelier)";"À appeler";"";"";"openstreetmap"
"Haute";"8";"Serrurerie Lorand";"Rennes";"35000";"83 Rue de Saint-Malo, 35000, Rennes";"02 99 31 31 31";"fixe";"contact@lorand.bzh";"https://ads35.fr";"45239314300030";"";"tél fixe, SIREN/SIRET vérifiable, nom d'entreprise propre, site web, email, adresse (boutique/atelier)";"À appeler";"";"";"openstreetmap"
"Haute";"8";"Station Multi-Services";"Reims";"51100";"38 Rue Jean-Jacques Rousseau, 51100";"03 26 47 21 35";"fixe";"commercial.sms@outlook.fr";"https://www.stationmultiservices.fr/";"39168070900022";"";"tél fixe, SIREN/SIRET vérifiable, nom d'entreprise propre, site web, email, adresse (boutique/atelier)";"À appeler";"";"";"openstreetmap"
"Haute";"8";"Champenoise Sécurité";"Reims";"51100";"8 Place Saint-Nicaise, 51100, Reims";"03 26 85 25 51";"fixe";"contact@champenoise-securite.fr";"http://www.serrurerie-champenoise-reims.fr/";"83379718600024";"";"tél fixe, SIREN/SIRET vérifiable, nom d'entreprise propre, site web, email, adresse (boutique/atelier)";"À appeler";"";"";"openstreetmap"
"Haute";"8";"Acceserrurerie";"Nîmes";"30000";"23b Rue Sully, 30000, Nîmes";"06 09 25 40 80";"mobile";"";"";"53439513200044";"";"mobile direct, SIREN/SIRET vérifiable, nom d'entreprise propre, adresse (boutique/atelier)";"À appeler";"";"";"openstreetmap"
"Haute";"8";"ADS";"Aix-en-Provence";"13100";"8 Rue Portalis, 13100, Aix-en-Provence";"04 42 38 03 48";"fixe";"serrurier13300@gmail.com";"https://www.latelierduserrurier.fr";"89203327500025";"";"tél fixe, SIREN/SIRET vérifiable, nom d'entreprise propre, site web, email, adresse (boutique/atelier)";"À appeler";"";"";"openstreetmap"
"Haute";"8";"Aix Press Serrurerie";"Aix-en-Provence";"";"18 Rue de la Poudrière";"06 23 38 72 96";"mobile";"";"";"94129815000017";"";"mobile direct, SIREN/SIRET vérifiable, nom d'entreprise propre, adresse (boutique/atelier)";"À appeler";"";"";"openstreetmap"
"Haute";"8";"AB Habitat";"Rouen";"";"9";"02 32 08 08 02";"fixe";"contact@abhabitat.fr";"https://www.abhabitat.fr/";"45398356100029";"";"tél fixe, SIREN/SIRET vérifiable, nom d'entreprise propre, site web, email, adresse (boutique/atelier)";"À appeler";"";"";"openstreetmap"
"Haute";"8";"Servix";"La Rochelle";"17000";"16 Rue du Palais, 17000, La Rochelle";"05 46 41 43 41";"fixe";"contact@servix.fr";"https://votrecentresecurite.com/";"44922468200020";"";"tél fixe, SIREN/SIRET vérifiable, nom d'entreprise propre, site web, email, adresse (boutique/atelier)";"À appeler";"";"";"openstreetmap"
"Haute";"8";"La Serrurerie";"Chambéry";"73000";"62, 73000, Chambéry";"04 79 85 95 20";"fixe";"accueil@la-serrurerie.pro";"https://www.la-serrurerie.pro/";"42979457100027";"";"tél fixe, SIREN/SIRET vérifiable, nom d'entreprise propre, site web, email, adresse (boutique/atelier)";"À appeler";"";"";"openstreetmap"
"Haute";"8";"Cornouaille Serrurerie";"Quimper";"";"8 Avenue de la Libération";"06 50 38 59 68";"mobile";"";"";"87974419100021";"";"mobile direct, SIREN/SIRET vérifiable, nom d'entreprise propre, adresse (boutique/atelier)";"À appeler";"";"";"openstreetmap"
"Haute";"8";"LC Serruerie";"Versailles";"";"";"06 03 20 23 05";"mobile";"chicard.serrurerie@gmail.com";"";"89842281100023";"";"mobile direct, SIREN/SIRET vérifiable, nom d'entreprise propre, email";"À appeler";"";"";"openstreetmap"
"Haute";"7";"Serrurerie Générale Chevalier Frères";"Lyon";"";"";"04 72 13 06 06";"fixe";"serrureriechevalierfreres@gmail.com";"https://www.chevalierfreres-serrurier-lyon.fr/";"39783151200165";"";"tél fixe, SIREN/SIRET vérifiable, nom d'entreprise propre, site web, email";"À appeler";"";"";"openstreetmap"
"Haute";"7";"L'Accès";"Lyon";"";"";"04 78 39 18 18";"fixe";"contact@l-acces.com";"https://www.l-acces.com/";"95039644000055";"";"tél fixe, SIREN/SIRET vérifiable, nom d'entreprise propre, site web, email";"À appeler";"";"";"openstreetmap"
"Haute";"7";"Rep-Serrures";"Lyon";"";"103 Rue Duguesclin";"04 78 52 07 85";"fixe";"rep.serrure@orange.fr";"";"81505846600013";"";"tél fixe, SIREN/SIRET vérifiable, nom d'entreprise propre, email, adresse (boutique/atelier)";"À appeler";"";"";"openstreetmap"
"Haute";"7";"Art et Tradition";"Lyon";"";"";"04 78 68 58 11";"fixe";"art.et.tradi@gmail.com";"https://www.bricard-point-center.com/";"42335909000028";"";"tél fixe, SIREN/SIRET vérifiable, nom d'entreprise propre, site web, email";"À appeler";"";"";"openstreetmap"
"Haute";"7";"Abeille Services";"Toulouse";"31200";"454 Route/Avenue de Fronton, 31200, Toulouse";"05 61 30 02 85";"fixe";"";"https://abeille31-depannage.fr/";"51196379500089";"";"tél fixe, SIREN/SIRET vérifiable, nom d'entreprise propre, site web, adresse (boutique/atelier)";"À appeler";"";"";"openstreetmap"
"Haute";"7";"Serrurerie Klemain";"Nice";"";"";"04 93 52 94 94";"fixe";"klemain@klemain.fr";"https://www.klemain-serrurerie.fr/";"39098504200014";"";"tél fixe, SIREN/SIRET vérifiable, nom d'entreprise propre, site web, email";"À appeler";"";"";"openstreetmap"
"Haute";"7";"Raimbaldi Clefs";"Nice";"";"34 Boulevard Raimbaldi";"04 93 80 52 72";"fixe";"";"https://www.raimbaldi-clefs.com/";"31937047400011";"";"tél fixe, SIREN/SIRET vérifiable, nom d'entreprise propre, site web, adresse (boutique/atelier)";"À appeler";"";"";"openstreetmap"
"Haute";"7";"Aluminium Eric Serrurerie";"Nice";"";"";"04 92 09 89 77";"fixe";"contact@aluminiumericserrurerie.com";"https://www.aluminiumericserrurerie.com/";"79154762300011";"";"tél fixe, SIREN/SIRET vérifiable, nom d'entreprise propre, site web, email";"À appeler";"";"";"openstreetmap"
"Haute";"7";"Cedemma";"Nantes";"44200";"5 Boulevard Vincent Gache, 44200, Nantes";"07 65 22 76 11";"mobile";"";"https://cedemma.fr";"";"";"mobile direct, nom d'entreprise propre, site web, adresse (boutique/atelier)";"À appeler";"";"";"openstreetmap"
"Haute";"7";"Fleck";"Strasbourg";"";"";"03 88 75 50 20";"fixe";"sebastien.s@flecksecurite.fr";"https://www.flecksecurite-strasbourg.fr";"81321247900014";"";"tél fixe, SIREN/SIRET vérifiable, nom d'entreprise propre, site web, email";"À appeler";"";"";"openstreetmap"
"Haute";"7";"ADP Serrurerie";"Strasbourg";"";"";"03 88 22 00 59";"fixe";"assistance.depannage.protecle@wanadoo.fr";"https://www.adp-serrurerie.fr/";"45168223100019";"";"tél fixe, SIREN/SIRET vérifiable, nom d'entreprise propre, site web, email";"À appeler";"";"";"openstreetmap"
"Haute";"7";"Pena Serrurerie";"Bordeaux";"";"27 Cours de la Marne";"05 56 94 76 39";"fixe";"pff@pena-serrurerie.com";"";"95276703600017";"";"tél fixe, SIREN/SIRET vérifiable, nom d'entreprise propre, email, adresse (boutique/atelier)";"À appeler";"";"";"openstreetmap"
"Haute";"7";"Porquet";"Lille";"59800";"27 Avenue du Président John-Fitzgerald Kennedy, 59800, Lille";"03 20 85 79 65";"fixe";"";"http://www.asporquet.fr";"41253585800077";"";"tél fixe, SIREN/SIRET vérifiable, nom d'entreprise propre, site web, adresse (boutique/atelier)";"À appeler";"";"";"openstreetmap"
"Haute";"7";"Serrurerie Michel Martin";"Rennes";"35000";"10 Rue de La Chalotais, 35000, Rennes";"02 99 78 24 96";"fixe";"";"https://www.serrurerie-martin.com/";"50008714300011";"";"tél fixe, SIREN/SIRET vérifiable, nom d'entreprise propre, site web, adresse (boutique/atelier)";"À appeler";"";"";"openstreetmap"
"Haute";"7";"Thoumyre";"Le Havre";"76600";"78 Rue de Paris, 76600, Le Havre";"02 35 42 29 08";"fixe";"";"https://www.thoumyre.fr/serrurerie-et-cles-le-havre/";"37976016800037";"";"tél fixe, SIREN/SIRET vérifiable, nom d'entreprise propre, site web, adresse (boutique/atelier)";"À appeler";"";"";"openstreetmap"
"Haute";"7";"Coupole services";"Nîmes";"30000";"22 Boulevard Gambetta, 30000, Nîmes";"04 66 36 06 64";"fixe";"";"https://www.coupoledeshalles.fr/les_services_coupole-services_41.html";"50816505700029";"";"tél fixe, SIREN/SIRET vérifiable, nom d'entreprise propre, site web, adresse (boutique/atelier)";"À appeler";"";"";"openstreetmap"
"Haute";"7";"Id Services Rapides";"Nîmes";"30000";"18 Avenue Carnot, 30000, Nîmes";"04 66 29 65 95";"fixe";"";"https://fr-fr.facebook.com/pages/category/Publisher/ID-Services-Rapides-961674283882276/";"38227317500044";"";"tél fixe, SIREN/SIRET vérifiable, nom d'entreprise propre, site web, adresse (boutique/atelier)";"À appeler";"";"";"openstreetmap"
"Haute";"7";"Serrurerie du Passage Guerin";"Nîmes";"30000";"25 Passage Guérin, 30000, Nîmes";"06 12 23 01 73";"mobile";"";"www.serurerie-passageguerin.fr";"";"";"mobile direct, nom d'entreprise propre, site web, adresse (boutique/atelier)";"À appeler";"";"";"openstreetmap"
"Haute";"7";"BVM Fermetures";"Tours";"";"37 Rue de la Victoire";"02 47 38 68 51";"fixe";"";"https://www.bvm-fermetures-serrure-rapid.fr/";"78890101500016";"";"tél fixe, SIREN/SIRET vérifiable, nom d'entreprise propre, site web, adresse (boutique/atelier)";"À appeler";"";"";"openstreetmap"
"Haute";"7";"Elda protection";"Tours";"37000";"24 Rue Néricault Destouches, 37000, Tours";"02 47 47 19 20";"fixe";"";"https://allo-elda-protection.fr";"32025470900019";"";"tél fixe, SIREN/SIRET vérifiable, nom d'entreprise propre, site web, adresse (boutique/atelier)";"À appeler";"";"";"openstreetmap"
"Haute";"7";"Serrurerie Bar";"Metz";"";"";"03 87 74 16 33";"fixe";"barsecurite@barsecurite.fr";"https://www.leonbar-serrurier-57-metz.fr";"30944489100027";"";"tél fixe, SIREN/SIRET vérifiable, nom d'entreprise propre, site web, email";"À appeler";"";"";"openstreetmap"
"Haute";"7";"Konvex Sécurité";"Metz";"";"84 Avenue André Malraux";"03 87 50 71 10";"fixe";"";"https://konvex.fr";"41129290700028";"";"tél fixe, SIREN/SIRET vérifiable, nom d'entreprise propre, site web, adresse (boutique/atelier)";"À appeler";"";"";"openstreetmap"
"Haute";"7";"Serrurerie du Vieux Metz";"Metz";"";"";"03 87 36 21 03";"fixe";"artisansvm@laposte.net";"https://serrureriemetz.sitew.fr";"40872502600012";"";"tél fixe, SIREN/SIRET vérifiable, nom d'entreprise propre, site web, email";"À appeler";"";"";"openstreetmap"
"Haute";"7";"Rollet SAS";"Saint-Jean-le-Blanc";"45650";"470 Rue de la Cornaillère, 45650, Saint-Jean-le-Blanc";"02 38 53 30 88";"fixe";"";"http://rollet-sa.com/";"38017926700048";"";"tél fixe, SIREN/SIRET vérifiable, nom d'entreprise propre, site web, adresse (boutique/atelier)";"À appeler";"";"";"openstreetmap"
"Haute";"7";"Thoumyre";"Rouen";"";"37";"02 35 89 61 25";"fixe";"";"https://www.thoumyre.fr";"31186779000017";"";"tél fixe, SIREN/SIRET vérifiable, nom d'entreprise propre, site web, adresse (boutique/atelier)";"À appeler";"";"";"openstreetmap"
"Haute";"7";"Thoumyre";"Rouen";"";"51";"02 35 71 42 74";"fixe";"";"https://www.thoumyre.fr";"83858492800017";"";"tél fixe, SIREN/SIRET vérifiable, nom d'entreprise propre, site web, adresse (boutique/atelier)";"À appeler";"";"";"openstreetmap"
"Haute";"7";"Clefstyle";"Rouen";"";"45 B Rue Armand Carrel";"02 35 70 97 22";"fixe";"";"https://www.clefstyle-76.fr/";"41065537700027";"";"tél fixe, SIREN/SIRET vérifiable, nom d'entreprise propre, site web, adresse (boutique/atelier)";"À appeler";"";"";"openstreetmap"
"Haute";"7";"Serrurerie Lutinier";"Caen";"";"8 Rue des Martyrs";"02 31 50 06 44";"fixe";"";"https://serrurerie-lutiner.fr/";"41053532200011";"";"tél fixe, SIREN/SIRET vérifiable, nom d'entreprise propre, site web, adresse (boutique/atelier)";"À appeler";"";"";"openstreetmap"
"Haute";"7";"Stan Clé";"Nancy";"";"";"09 51 81 20 32";"fixe";"contact@cordonnerie-nancy.fr";"http://cordonnerie-nancy.fr/";"88257870100014";"";"tél fixe, SIREN/SIRET vérifiable, nom d'entreprise propre, site web, email";"À appeler";"";"";"openstreetmap"
"Haute";"7";"A2S Drouard";"Chambéry";"";"";"04 79 33 33 57";"fixe";"serrurerie@a2sdrouard.fr";"http://www.serrurerie-a2sdrouard.fr/";"50877082300021";"";"tél fixe, SIREN/SIRET vérifiable, nom d'entreprise propre, site web, email";"À appeler";"";"";"openstreetmap"
"Haute";"6";"Cordonnerie - Serrurerie Sportes";"Lyon";"";"";"04 78 89 32 05";"fixe";"";"https://www.facebook.com/cssportes/";"33446751100021";"";"tél fixe, SIREN/SIRET vérifiable, nom d'entreprise propre, site web";"À appeler";"";"";"openstreetmap"
"Haute";"6";"Arthur Service Minute";"Lyon";"";"";"06 24 17 83 21";"mobile";"";"https://arthur-service-minute.business.site/";"";"";"mobile direct, nom d'entreprise propre, site web";"À appeler";"";"";"openstreetmap"
"Haute";"6";"Devauze";"Marseille";"";"153, Marseille";"04 91 90 38 69";"fixe";"contact@devauze.com";"https://www.devauze.com/";"";"";"tél fixe, nom d'entreprise propre, site web, email, adresse (boutique/atelier)";"À appeler";"";"";"openstreetmap"
"Haute";"6";"TH Serrurier Toulouse";"Toulouse";"";"";"06 37 50 42 00";"mobile";"";"https://thserrurier-toulouse.fr";"";"";"mobile direct, nom d'entreprise propre, site web";"À appeler";"";"";"openstreetmap"
"Haute";"6";"Serrurerie Eric";"Nice";"";"";"04 93 37 03 95";"fixe";"";"https://www.serrurerie-nice.fr/";"37852299900028";"";"tél fixe, SIREN/SIRET vérifiable, nom d'entreprise propre, site web";"À appeler";"";"";"openstreetmap"
"Haute";"6";"Cordonnerie Nouvelle";"Nantes";"44000";"163 Rue des Hauts Pavés, 44000, Nantes";"02 40 59 66 29";"fixe";"";"";"79896758400011";"798967584";"tél fixe, SIREN/SIRET vérifiable, nom d'entreprise propre, adresse (boutique/atelier)";"À appeler";"";"";"openstreetmap"
"Haute";"6";"SERRURERIE WEINMANN SARL";"Strasbourg";"67000";"66 Rue de Zurich, 67000, Strasbourg";"03 88 35 14 14";"fixe";"";"";"44317589800016";"";"tél fixe, SIREN/SIRET vérifiable, nom d'entreprise propre, adresse (boutique/atelier)";"À appeler";"";"";"openstreetmap"
"Haute";"6";"Bricard A.T.F.S";"Strasbourg";"67200";"11 Route des Romains, 67200, Strasbourg";"03 88 30 00 55";"fixe";"";"";"43787237700019";"";"tél fixe, SIREN/SIRET vérifiable, nom d'entreprise propre, adresse (boutique/atelier)";"À appeler";"";"";"openstreetmap"
"Haute";"6";"Point Fort Fichet";"Reims";"51100";"2 Rue de Cernay, 51100, Reims";"03 26 40 32 93";"fixe";"reims.securite@wanadoo.fr";"https://www.fichet-pointfort.com/";"";"";"tél fixe, nom d'entreprise propre, site web, email, adresse (boutique/atelier)";"À appeler";"";"";"openstreetmap"
"Haute";"6";"S'mell Magic";"Amiens";"";"";"03 22 91 78 60";"fixe";"";"http://www.serrurier-smellmagic.fr/";"81969222900019";"";"tél fixe, SIREN/SIRET vérifiable, nom d'entreprise propre, site web";"À appeler";"";"";"openstreetmap"
"Haute";"6";"Les Clés du Paradis";"Limoges";"";"";"05 55 34 11 68";"fixe";"";"http://lesclesduparadis.fr/";"84390363400015";"";"tél fixe, SIREN/SIRET vérifiable, nom d'entreprise propre, site web";"À appeler";"";"";"openstreetmap"
"Haute";"6";"Atelier Lino La Loggia";"Metz";"";"";"03 54 62 63 53";"fixe";"atelierlinolaloggiametz@gmail.com";"";"32869154800049";"328691548";"tél fixe, SIREN/SIRET vérifiable, nom d'entreprise propre, email";"À appeler";"";"";"openstreetmap"
"Haute";"6";"AT2E";"Sotteville-lès-Rouen";"76300";"1 Rue Marcel Lechevallier, 76300, Sotteville-lès-Rouen";"02 35 73 81 45";"fixe";"at2e@bbox.fr";"https://www.at2e.fr/";"";"";"tél fixe, nom d'entreprise propre, site web, email, adresse (boutique/atelier)";"À appeler";"";"";"openstreetmap"
"Haute";"6";"Rouen Dépannage Services";"Rouen";"";"10";"02 35 08 18 33";"fixe";"info@rouen-depannage.services";"https://rouen-depannage.services/";"";"";"tél fixe, nom d'entreprise propre, site web, email, adresse (boutique/atelier)";"À appeler";"";"";"openstreetmap"
"Haute";"6";"Serrur Elec'";"Caen";"";"11 Rue Saint-Louis";"02 31 34 23 27";"fixe";"";"";"48334562500055";"";"tél fixe, SIREN/SIRET vérifiable, nom d'entreprise propre, adresse (boutique/atelier)";"À appeler";"";"";"openstreetmap"
"Haute";"6";"Michel Serrurerie";"Nancy";"";"1 Rue Léopold Lallement";"+33 3 83358182;+33 6 16262151";"fixe";"michelserruerie@orange.fr";"https://www.michelserrurerie.fr/";"";"";"tél fixe, nom d'entreprise propre, site web, email, adresse (boutique/atelier)";"À appeler";"";"";"openstreetmap"
"Haute";"6";"ASM Dépanne";"La Rochelle";"17000";"146 Avenue des Corsaires, 17000, La Rochelle";"05 46 51 95 60";"fixe";"contact@asmdepanne.fr";"https://asmdepanne.fr/";"";"";"tél fixe, nom d'entreprise propre, site web, email, adresse (boutique/atelier)";"À appeler";"";"";"openstreetmap"
"Haute";"6";"Serrurerie Bruno";"Antibes";"";"11 Boulevard Président Wilson";"04 93 34 01 73";"fixe";"";"";"38145767000051";"";"tél fixe, SIREN/SIRET vérifiable, nom d'entreprise propre, adresse (boutique/atelier)";"À appeler";"";"";"openstreetmap"
"Moyenne";"5";"Serrurerie Extra";"Marseille";"";"";"07 82 82 82 08";"mobile";"";"";"";"";"mobile direct, nom d'entreprise propre";"À appeler";"";"";"openstreetmap"
"Moyenne";"5";"Point Fort Fichet";"Toulouse";"";"62 Rue de Bayard";"05 63 66 79 20";"fixe";"";"https://la-citadelle-toulousaine.com";"";"";"tél fixe, nom d'entreprise propre, site web, adresse (boutique/atelier)";"À appeler";"";"";"openstreetmap"
"Moyenne";"5";"Serrurier Nantes Bélénos";"Nantes";"44300";"1 Rue du Benelux, 44300, Nantes";"02 40 43 24 14";"fixe";"";"https://www.belenos.services";"";"";"tél fixe, nom d'entreprise propre, site web, adresse (boutique/atelier)";"À appeler";"";"";"openstreetmap"
"Moyenne";"5";"Mister Minit";"Pérols";"34470";"Avenue Georges Frêche, 34470, Pérols";"04 67 20 11 87";"fixe";"";"https://misterminit.eu/fr_fr/boutiques/mister-minit-perols-auchan";"";"";"tél fixe, nom d'entreprise propre, site web, adresse (boutique/atelier)";"À appeler";"";"";"openstreetmap"
"Moyenne";"5";"Mister Minit";"Saint-Jean-de-Védas";"34430";"Route de Sète, 34430, Saint-Jean-de-Védas";"04 67 47 18 42";"fixe";"";"https://misterminit.eu/fr_fr/boutiques/mister-minit-saint-jean-de-vedas-carrefour";"";"";"tél fixe, nom d'entreprise propre, site web, adresse (boutique/atelier)";"À appeler";"";"";"openstreetmap"
"Moyenne";"5";"Antenne Protection Services";"Bordeaux";"";"";"05 56 79 19 47";"fixe";"aps33000@gmail.com";"https://www.antenne-protection-services.fr/";"";"";"tél fixe, nom d'entreprise propre, site web, email";"À appeler";"";"";"openstreetmap"
"Moyenne";"5";"Abeille Services";"Bordeaux";"33200";"Patio Gambetta Rue Magnificat, 33200, Bordeaux";"05 56 64 79 48";"fixe";"";"https://www.abeille-depannage.com/";"";"";"tél fixe, nom d'entreprise propre, site web, adresse (boutique/atelier)";"À appeler";"";"";"openstreetmap"
"Moyenne";"5";"STS3";"Périgny";"17180";"2 Rue Jacques de Vaucanson, 17180, Périgny";"05 46 27 35 45";"fixe";"";"https://www.sts3.fr/";"";"";"tél fixe, nom d'entreprise propre, site web, adresse (boutique/atelier)";"À appeler";"";"";"openstreetmap"
"Moyenne";"5";"Assistance Biterroise Serrurerie";"Béziers";"34500";"24 Avenue Président Wilson, 34500, Béziers";"04 67 94 48 27";"fixe";"";"https://www.serrureriebiterroise.fr/";"";"";"tél fixe, nom d'entreprise propre, site web, adresse (boutique/atelier)";"À appeler";"";"";"openstreetmap"
"Moyenne";"5";"Titus Services";"Antibes";"";"";"06 09 14 28 09";"mobile";"";"";"";"";"mobile direct, nom d'entreprise propre";"À appeler";"";"";"openstreetmap"
"Moyenne";"5";"Antibes Serrures Point Fort Pichet";"Antibes";"";"";"04 93 61 61 30";"fixe";"";"";"85258789800010";"";"tél fixe, SIREN/SIRET vérifiable, nom d'entreprise propre";"À appeler";"";"";"openstreetmap"
"Moyenne";"5";"La Clé";"Antibes";"";"";"04 93 67 63 06";"fixe";"";"";"38418075800011";"";"tél fixe, SIREN/SIRET vérifiable, nom d'entreprise propre";"À appeler";"";"";"openstreetmap"
"Moyenne";"5";"Clé & Go";"Antibes";"";"";"04 93 43 05 05";"fixe";"";"";"49950166600030";"";"tél fixe, SIREN/SIRET vérifiable, nom d'entreprise propre";"À appeler";"";"";"openstreetmap"
"Moyenne";"5";"Versailles Entreprises";"Versailles";"";"";"01 39 51 11 90";"fixe";"";"";"39137158000021";"";"tél fixe, SIREN/SIRET vérifiable, nom d'entreprise propre";"À appeler";"";"";"openstreetmap"
"Moyenne";"5";"Time multi-services";"Argenteuil";"";"";"01 72 53 56 65";"fixe";"";"";"79101174500019";"";"tél fixe, SIREN/SIRET vérifiable, nom d'entreprise propre";"À appeler";"";"";"openstreetmap"
"Moyenne";"4";"Établissements Lemaitre";"Nantes";"";"";"02 40 76 74 59";"fixe";"contact@lemaitre-serrurerie.fr";"";"";"";"tél fixe, nom d'entreprise propre, email";"À appeler";"";"";"openstreetmap"
"Moyenne";"4";"Protec'Sur";"Montpellier";"";"";"04 67 63 86 11";"fixe";"";"https://protecsur-serrurier-montpellier.com/";"";"";"tél fixe, nom d'entreprise propre, site web";"À appeler";"";"";"openstreetmap"
"Moyenne";"4";"ABP Sécurité 2000";"Bordeaux";"33000";"97-99 Rue Georges Bonnac, 33000, Bordeaux";"05 56 96 09 93";"fixe";"";"";"";"";"tél fixe, nom d'entreprise propre, adresse (boutique/atelier)";"À appeler";"";"";"openstreetmap"
"Moyenne";"4";"Point Fort Fichet";"Lille";"";"";"";"";"contact@batipro-services.fr";"https://batipro-services.fr/";"";"";"nom d'entreprise propre, site web, email";"À appeler";"";"";"openstreetmap"
"Moyenne";"4";"Point Fort Fichet";"Lille";"";"";"09 77 83 70 43";"fixe";"";"https://www.fichet-pointfort-lille.fr/";"";"";"tél fixe, nom d'entreprise propre, site web";"À appeler";"";"";"openstreetmap"
"Moyenne";"4";"Fisher Compagnons";"Rennes";"";"41 Square de la Rance, Rennes";"02 30 96 41 23";"fixe";"";"";"";"";"tél fixe, nom d'entreprise propre, adresse (boutique/atelier)";"À appeler";"";"";"openstreetmap"
"Moyenne";"4";"Services Minutes";"Reims";"";"11";"03 26 04 58 17";"fixe";"";"";"";"";"tél fixe, nom d'entreprise propre, adresse (boutique/atelier)";"À appeler";"";"";"openstreetmap"
"Moyenne";"4";"Métallerie Marthon Et Klein";"Saint-Brice-Courcelles";"51370";"14 E Avenue des Chenevières, 51370, Saint-Brice-Courcelles";"03 26 87 69 35";"fixe";"";"";"";"";"tél fixe, nom d'entreprise propre, adresse (boutique/atelier)";"À appeler";"";"";"openstreetmap"
"Moyenne";"4";"David Cordeuil";"Reims";"";"103";"03 26 02 85 48";"fixe";"";"";"";"";"tél fixe, nom d'entreprise propre, adresse (boutique/atelier)";"À appeler";"";"";"openstreetmap"
"Moyenne";"4";"Dominique Services";"Grenoble";"";"33 Rue Condorcet";"04 76 87 99 41";"fixe";"";"";"";"";"tél fixe, nom d'entreprise propre, adresse (boutique/atelier)";"À appeler";"";"";"openstreetmap"
"Moyenne";"4";"Serrurerie JFM Tornabene";"Grenoble";"";"";"04 76 27 76 80";"fixe";"jfmtorna@sfr.fr";"";"";"";"tél fixe, nom d'entreprise propre, email";"À appeler";"";"";"openstreetmap"
"Moyenne";"4";"Asfp";"Amiens";"";"";"03 22 44 92 04";"fixe";"";"http://www.amiens-serrurerie-fermetures-protection.fr/";"";"";"tél fixe, nom d'entreprise propre, site web";"À appeler";"";"";"openstreetmap"
"Moyenne";"4";"Point Fort Fichet";"Nancy";"";"";"03 52 69 02 94";"fixe";"";"https://fichet-pointfort-nancy.fr/";"";"";"tél fixe, nom d'entreprise propre, site web";"À appeler";"";"";"openstreetmap"
"Moyenne";"4";"Point Fort Fichet";"Annecy";"74000";"45 Avenue de Genève, 74000";"04 50 62 24 72";"fixe";"";"";"";"";"tél fixe, nom d'entreprise propre, adresse (boutique/atelier)";"À appeler";"";"";"openstreetmap"
"Moyenne";"4";"Serrurerie Service Clés Papin";"Saint-Nazaire";"";"";"02 40 22 43 97";"fixe";"";"https://www.serrurerie-service-cles.fr/";"";"";"tél fixe, nom d'entreprise propre, site web";"À appeler";"";"";"openstreetmap"
"Moyenne";"4";"Point Fort Fichet";"Versailles";"78000";"17 Boulevard de la République, 78000, Versailles";"01 39 50 63 81";"fixe";"";"";"";"";"tél fixe, nom d'entreprise propre, adresse (boutique/atelier)";"À appeler";"";"";"openstreetmap"
"Basse";"3";"Alain Sécurité";"Nantes";"";"";"02 40 89 60 19";"fixe";"";"";"";"";"tél fixe, nom d'entreprise propre";"À appeler";"";"";"openstreetmap"
"Basse";"3";"Fontaine Serrurerie";"Grenoble";"";"";"04 76 48 38 85";"fixe";"";"";"";"";"tél fixe, nom d'entreprise propre";"À appeler";"";"";"openstreetmap"
"Basse";"3";"Point Fort / Fichet";"Besançon";"";"";"03 81 83 30 97";"fixe";"";"";"";"";"tél fixe, nom d'entreprise propre";"À appeler";"";"";"openstreetmap"
"Basse";"3";"Allo Serrure";"Caen";"";"52 Rue d'Auge";"02 31 78 30 18";"fixe";"";"";"52255474000038";"";"tél fixe, SIREN/SIRET vérifiable, nom d'entreprise propre, adresse (boutique/atelier), ⚠ enseigne urgence/agrégateur";"À appeler";"";"";"openstreetmap"
"Basse";"3";"Serrurerie Fichet";"Versailles";"";"";"01 39 50 68 68";"fixe";"";"";"";"";"tél fixe, nom d'entreprise propre";"À appeler";"";"";"openstreetmap"
"Haute";"8";"La Serrure du Monde";"Paris";"";"";"06 51 14 92 01";"mobile";"";"https://www.serruredumonde.com";"83420461200016";"834204612";"mobile direct, SIREN/SIRET vérifiable, nom d'entreprise propre, site web";"À appeler";"";"";"openstreetmap"
"Haute";"7";"Serrurerie de l'Épée de Bois";"Paris";"";"";"06 03 87 28 84";"mobile";"";"";"75300390400020";"753003904";"mobile direct, SIREN/SIRET vérifiable, nom d'entreprise propre";"À appeler";"";"";"openstreetmap"
"Haute";"7";"Comptoir français de sécurité";"Paris";"75018";"78 Rue Lamarck, 75018, Paris";"01 42 62 96 96";"fixe";"";"http://www.serrureriecfs.fr";"32509148600010";"";"tél fixe, SIREN/SIRET vérifiable, nom d'entreprise propre, site web, adresse (boutique/atelier)";"À appeler";"";"";"openstreetmap"
"Haute";"7";"Clé Flash";"Paris";"";"";"01 47 83 33 18";"fixe";"info@cleflash.fr";"https://www.cleflash.com";"61202603900018";"612026039";"tél fixe, SIREN/SIRET vérifiable, nom d'entreprise propre, site web, email";"À appeler";"";"";"openstreetmap"
"Haute";"7";"Point fort Fichet";"Paris";"75016";"19 Rue Poussin, 75016, Paris";"06 69 55 86 45";"mobile";"";"https://www.serrurerie-paris16.fr/";"";"";"mobile direct, nom d'entreprise propre, site web, adresse (boutique/atelier)";"À appeler";"";"";"openstreetmap"
"Haute";"7";"Auteuil Sécurité";"Paris";"75016";"144 Boulevard Exelmans, 75016, Paris";"06 31 60 66 21";"mobile";"";"https://serrurerie-paris-16.fr";"";"";"mobile direct, nom d'entreprise propre, site web, adresse (boutique/atelier)";"À appeler";"";"";"openstreetmap"
"Haute";"7";"My Serrurerie";"Paris";"";"";"+33 6 69 66 59 87;+33 6 95 13 19 80";"fixe";"myserrurerie75@gmail.com";"https://myserrurerie.fr";"97828582300016";"978285823";"tél fixe, SIREN/SIRET vérifiable, nom d'entreprise propre, site web, email";"À appeler";"";"";"openstreetmap"
"Haute";"7";"Serrurerie Auteuil";"Paris";"75016";"2 Rue Chamfort, 75016, Paris";"06 25 19 84 04";"mobile";"";"https://serrureriedauteuil.fr";"";"";"mobile direct, nom d'entreprise propre, site web, adresse (boutique/atelier)";"À appeler";"";"";"openstreetmap"
"Haute";"6";"Abec Boulogne Protection";"Boulogne-Billancourt";"92100";"85 Avenue Jean Baptiste Clément, 92100, Boulogne-Billancourt";"01 46 04 39 06";"fixe";"";"";"38930544200029";"";"tél fixe, SIREN/SIRET vérifiable, nom d'entreprise propre, adresse (boutique/atelier)";"À appeler";"";"";"openstreetmap"
"Haute";"6";"Cordonnerie Raymond";"Paris";"75011";"7 Rue Pétion, 75011, Paris";"07 70 04 17 12";"mobile";"";"";"";"";"mobile direct, nom d'entreprise propre, adresse (boutique/atelier)";"À appeler";"";"";"openstreetmap"
"Haute";"6";"Picard Serrures";"Paris";"75013";"3 Rue des Gobelins, 75013, Paris";"01 45 20 93 55";"fixe";"serrurerie.as@orange.fr";"https://www.serrurespicard.fr/";"";"";"tél fixe, nom d'entreprise propre, site web, email, adresse (boutique/atelier)";"À appeler";"";"";"openstreetmap"
"Haute";"6";"Fichet";"Paris";"75005";"12 Rue du Cardinal Lemoine, 75005, Paris";"06 25 51 52 23";"mobile";"";"";"";"";"mobile direct, nom d'entreprise propre, adresse (boutique/atelier)";"À appeler";"";"";"openstreetmap"
"Haute";"6";"MC serrurerie";"Paris";"";"";"06 07 30 70 29";"mobile";"mcserrurerie@msn.com";"";"";"";"mobile direct, nom d'entreprise propre, email";"À appeler";"";"";"openstreetmap"
"Haute";"6";"Heracles";"Paris";"75008";"75 Rue du Rocher, 75008";"06 22 70 64 81";"mobile";"";"";"";"";"mobile direct, nom d'entreprise propre, adresse (boutique/atelier)";"À appeler";"";"";"openstreetmap"
"Haute";"6";"Au petit perrurier de Paris 8";"Paris";"";"";"07 83 48 45 43";"mobile";"";"https://aupetitserrurier-de-paris-8.fr/";"";"";"mobile direct, nom d'entreprise propre, site web";"À appeler";"";"";"openstreetmap"
"Haute";"6";"Losserand Sécurité";"Paris";"";"";"01 42 22 91 81";"fixe";"";"https://losserandserrurerie.com/";"78897695900023";"";"tél fixe, SIREN/SIRET vérifiable, nom d'entreprise propre, site web";"À appeler";"";"";"openstreetmap"
"Haute";"6";"EGD Entreprise";"Paris";"";"52 Rue Jean-Pierre Timbaud";"01 40 93 07 07";"fixe";"societeegd@aol.com";"https://www.egd-fr.com/";"";"";"tél fixe, nom d'entreprise propre, site web, email, adresse (boutique/atelier)";"À appeler";"";"";"openstreetmap"
"Haute";"6";"Serrurerie Richard Lenoir";"Paris";"75011";"51 Rue Richard Lenoir, 75011, Paris";"06 14 61 42 19";"mobile";"";"";"";"";"mobile direct, nom d'entreprise propre, adresse (boutique/atelier)";"À appeler";"";"";"openstreetmap"
"Haute";"6";"Clés Rapides";"Paris";"75010";"96 Rue du Faubourg Saint-Denis, 75010, Paris";"01 45 23 06 23";"fixe";"";"";"49247851600015";"";"tél fixe, SIREN/SIRET vérifiable, nom d'entreprise propre, adresse (boutique/atelier)";"À appeler";"";"";"openstreetmap"
"Haute";"6";"Atelier J. de Missolz";"Paris";"";"";"";"";"jdemissolz@gmail.com";"https://www.atelierjdemissolz.com";"80797525500017";"807975255";"SIREN/SIRET vérifiable, nom d'entreprise propre, site web, email";"À appeler";"";"";"openstreetmap"
"Haute";"6";"Serrurerie Nation";"Paris";"";"297 Rue du Faubourg Saint-Antoine";"06 09 56 00 56";"mobile";"";"";"";"";"mobile direct, nom d'entreprise propre, adresse (boutique/atelier)";"À appeler";"";"";"openstreetmap"
"Haute";"6";"Fer et Clef - Point Fort Fichet";"Maisons-Alfort";"94700";"163 Avenue du Général Leclerc, 94700, Maisons-Alfort";"01 43 68 00 57";"fixe";"feretclef1979@gmail.com";"https://feretclef.fr/";"";"";"tél fixe, nom d'entreprise propre, site web, email, adresse (boutique/atelier)";"À appeler";"";"";"openstreetmap"
"Haute";"6";"Serrurerie du Caire";"Paris";"";"7 Rue du Caire";"06 63 49 68 73";"mobile";"";"";"";"";"mobile direct, nom d'entreprise propre, adresse (boutique/atelier)";"À appeler";"";"";"openstreetmap"
"Haute";"6";"Securypro";"Paris";"";"61 Rue Notre-Dame-de-Nazareth";"07 61 90 52 43";"mobile";"";"";"";"";"mobile direct, nom d'entreprise propre, adresse (boutique/atelier)";"À appeler";"";"";"openstreetmap"
"Haute";"6";"Leader Protection Services";"Paris";"";"";"01 43 43 66 66";"fixe";"";"https://www.leader-protection-services.com";"42503528400024";"";"tél fixe, SIREN/SIRET vérifiable, nom d'entreprise propre, site web";"À appeler";"";"";"openstreetmap"
"Haute";"6";"Serrurerie G.P.S";"Paris";"";"";"01 46 69 00 68";"fixe";"paul.gino@orange.fr";"";"42915127700044";"";"tél fixe, SIREN/SIRET vérifiable, nom d'entreprise propre, email";"À appeler";"";"";"openstreetmap"
"Haute";"6";"La Clé Lyonnaise";"Lyon";"";"";"04 78 01 20 20";"fixe";"lyon1@laclelyonnaise.fr";"";"84750756300017";"";"tél fixe, SIREN/SIRET vérifiable, nom d'entreprise propre, email";"À appeler";"";"";"openstreetmap"
"Haute";"6";"PMS Ducrest";"Lyon";"";"";"04 78 85 10 38";"fixe";"";"https://www.pms-securite.fr/";"31069129000012";"";"tél fixe, SIREN/SIRET vérifiable, nom d'entreprise propre, site web";"À appeler";"";"";"openstreetmap"
"Haute";"6";"Caro Gravure";"Lyon";"69004";"13 Rue du Mail, 69004, Lyon";"09 86 68 18 97";"fixe";"";"";"41247897600043";"";"tél fixe, SIREN/SIRET vérifiable, nom d'entreprise propre, adresse (boutique/atelier)";"À appeler";"";"";"openstreetmap"
"Haute";"6";"Cle & Go";"Nice";"";"";"04 93 92 19 21";"fixe";"";"https://cleandgo.fr/depannage-serrurier-nice/";"82884607100011";"";"tél fixe, SIREN/SIRET vérifiable, nom d'entreprise propre, site web";"À appeler";"";"";"openstreetmap"
"Haute";"6";"Paris Clefs";"Nice";"";"10 Rue de Paris";"04 93 85 03 24";"fixe";"";"";"30679729100037";"";"tél fixe, SIREN/SIRET vérifiable, nom d'entreprise propre, adresse (boutique/atelier)";"À appeler";"";"";"openstreetmap"
"Haute";"6";"Point Fort Fichet";"Nice";"";"13 Boulevard de Riquier";"04 93 89 60 26";"fixe";"contact@clefexpress.fr";"https://www.clef-express.com";"";"";"tél fixe, nom d'entreprise propre, site web, email, adresse (boutique/atelier)";"À appeler";"";"";"openstreetmap"
"Moyenne";"5";"Tordjman";"Paris";"";"";"01 45 42 38 75";"fixe";"contact@pasme2.fr";"https://pasme2.fr/";"";"";"tél fixe, nom d'entreprise propre, site web, email";"À appeler";"";"";"openstreetmap"
"Moyenne";"5";"Fred Serrurerie";"Paris";"";"";"06 16 40 92 85";"mobile";"";"";"";"";"mobile direct, nom d'entreprise propre";"À appeler";"";"";"openstreetmap"
"Moyenne";"5";"Protection Plus";"Paris";"";"4";"+33 1 41 05 42 40;+33 1 41 05 42 45";"fixe";"info@protectionplus.eu";"";"";"";"tél fixe, nom d'entreprise propre, email, adresse (boutique/atelier)";"À appeler";"";"";"openstreetmap"
"Moyenne";"5";"Cordonnerie de la Mairie";"Paris";"";"";"01 47 01 12 71";"fixe";"";"";"33529519200025";"";"tél fixe, SIREN/SIRET vérifiable, nom d'entreprise propre";"À appeler";"";"";"openstreetmap"
"Moyenne";"5";"La Croix Services";"Paris";"75009";"33 Rue de Clichy, 75009, Paris";"01 49 70 03 69";"fixe";"";"https://www.lacroixservices.fr";"";"";"tél fixe, nom d'entreprise propre, site web, adresse (boutique/atelier)";"À appeler";"";"";"openstreetmap"
"Moyenne";"5";"Serrurerie Plomberie";"Paris";"";"";"06 24 90 49 95";"mobile";"";"";"";"";"mobile direct, nom d'entreprise propre";"À appeler";"";"";"openstreetmap"
"Moyenne";"5";"Serrurerie Générale - Maison Bouvet";"Paris";"75017";"20 Rue de Lévis, 75017, Paris";"01 42 67 48 61";"fixe";"";"https://cleservice.com";"";"";"tél fixe, nom d'entreprise propre, site web, adresse (boutique/atelier)";"À appeler";"";"";"openstreetmap"
"Moyenne";"5";"Serrurerie La Clef à Trèfle";"Paris";"75013";"37 Boulevard Arago, 75013, Paris";"01 47 07 91 89";"fixe";"";"https://www.laclefatrefle-serrurier.fr/";"";"";"tél fixe, nom d'entreprise propre, site web, adresse (boutique/atelier)";"À appeler";"";"";"openstreetmap"
"Moyenne";"5";"Serrurier Cordonnerie du centre";"Paris";"";"";"01 48 33 33 58";"fixe";"";"";"53500302400010";"";"tél fixe, SIREN/SIRET vérifiable, nom d'entreprise propre";"À appeler";"";"";"openstreetmap"
"Moyenne";"5";"Sevyo";"Paris";"";"";"+33 1 43 65 67 81; +33 6 79 04 48 03";"fixe";"";"";"80740265600019";"";"tél fixe, SIREN/SIRET vérifiable, nom d'entreprise propre";"À appeler";"";"";"openstreetmap"
